{
    "root_group": {
        "name": "",
        "path": "",
        "id": "d41d8cd98f00b204e9800998ecf8427e",
        "groups": {},
        "checks": {
                "status 202": {
                    "path": "::status 202",
                    "id": "fae93fe314340542bf1a64edb3b440fe",
                    "passes": 5776,
                    "fails": 0,
                    "name": "status 202"
                },
                "retornou jobId": {
                    "name": "retornou jobId",
                    "path": "::retornou jobId",
                    "id": "cf70cf01ea748cfcb03587063e387307",
                    "passes": 5776,
                    "fails": 0
                }
            }
    },
    "metrics": {
        "http_req_receiving": {
            "avg": 0.12370846900969486,
            "min": 0.03827,
            "med": 0.11379449999999999,
            "max": 0.878838,
            "p(90)": 0.181727,
            "p(95)": 0.20351625
        },
        "vus_max": {
            "value": 400,
            "min": 400,
            "max": 400
        },
        "http_req_waiting": {
            "med": 5469.468018,
            "max": 8743.416667,
            "p(90)": 8681.076936500001,
            "p(95)": 8699.6059595,
            "avg": 5160.733014483891,
            "min": 8.826315
        },
        "data_received": {
            "count": 2079360,
            "rate": 16432.861142196518
        },
        "iteration_duration": {
            "avg": 5186.779152582051,
            "min": 30.320184,
            "med": 5497.1560865,
            "max": 8790.042685,
            "p(90)": 8706.581614499999,
            "p(95)": 8729.15073775
        },
        "vus": {
            "value": 29,
            "min": 3,
            "max": 400
        },
        "http_req_blocked": {
            "p(95)": 0.39271500000000004,
            "avg": 0.051606275277008055,
            "min": 0.00428,
            "med": 0.012479,
            "max": 10.516447,
            "p(90)": 0.0227815
        },
        "http_req_connecting": {
            "p(90)": 0,
            "p(95)": 0.280243,
            "avg": 0.029397837950138513,
            "min": 0,
            "med": 0,
            "max": 10.412796
        },
        "http_req_duration": {
            "avg": 5160.914480023553,
            "min": 9.094939,
            "med": 5469.613214000001,
            "max": 8743.543345,
            "p(90)": 8681.257213500001,
            "p(95)": 8699.796318249999,
            "thresholds": {
                "p(95)<3000": true
            }
        },
        "http_reqs": {
            "count": 5776,
            "rate": 45.64683650610144
        },
        "http_req_failed": {
            "fails": 5776,
            "passes": 0,
            "thresholds": {
                "rate<0.10": false
            },
            "value": 0
        },
        "data_sent": {
            "count": 1417785,
            "rate": 11204.536027666729
        },
        "http_req_duration{expected_response:true}": {
            "max": 8743.543345,
            "p(90)": 8681.257213500001,
            "p(95)": 8699.796318249999,
            "avg": 5160.914480023553,
            "min": 9.094939,
            "med": 5469.613214000001
        },
        "http_req_tls_handshaking": {
            "max": 0,
            "p(90)": 0,
            "p(95)": 0,
            "avg": 0,
            "min": 0,
            "med": 0
        },
        "iterations": {
            "count": 5776,
            "rate": 45.64683650610144
        },
        "checks": {
            "passes": 11552,
            "fails": 0,
            "thresholds": {
                "rate>0.90": false
            },
            "value": 1
        },
        "http_req_sending": {
            "med": 0.049877000000000005,
            "max": 1.189665,
            "p(90)": 0.08691199999999999,
            "p(95)": 0.12025425,
            "avg": 0.057757070637119226,
            "min": 0.013902
        }
    }
}